BranchName,City,Address,Distance
The Bank of East Asia Ltd.,New York,"New York, NY 10022",1.5 miles
Ergo Bank,Markesan,"Markesan, WI 53946",1.5 miles
Woodford State Bank,Monroe,"Monroe, WI 53566",1.5 miles
The Portage County Bank,Almond,"Almond, WI 54909",1.5 miles
Security Bank,New Auburn,"New Auburn, WI 54757",1.5 miles
National Exchange Bank and Trust,Fond Du Lac,"Fond Du Lac, WI 54935",1.5 miles
Isabella Bank,Mount Pleasant,"Mount Pleasant, MI 48858",1.5 miles
First Southern Bank,Waycross,"Waycross, GA 31501",1.5 miles
Bank of Hancock County,Sparta,"Sparta, GA 31087",1.5 miles
Planters and Citizens Bank,Camilla,"Camilla, GA 31730",1.5 miles
Apex Banking Company of Georgia,Cleveland,"Cleveland, GA 30528",1.5 miles
Peoples State Bank of Colfax,Colfax,"Colfax, IL 61728",1.5 miles
Farmers State Bank of Emden,Emden,"Emden, IL 62635",1.5 miles
Bank Michigan,Brooklyn,"Brooklyn, MI 49230",1.5 miles
The Napoleon State Bank,Napoleon,"Napoleon, IN 47034",1.5 miles
Ohnward Bank & Trust,Cascade,"Cascade, IA 52033",1.5 miles
Leighton State Bank,Pella,"Pella, IA 50219",1.5 miles
American Trust and Savings Bank,Lowden,"Lowden, IA 52255",1.5 miles
Liberty Trust & Savings Bank,Durant,"Durant, IA 52747",1.5 miles
Farmers Savings Bank & Trust,Traer,"Traer, IA 50675",1.5 miles
Citizens Savings Bank,Anamosa,"Anamosa, IA 52205",1.5 miles
Success Bank,Bloomfield,"Bloomfield, IA 52537",1.5 miles
Exchange State Bank,Ames,"Ames, IA 50010",1.5 miles
The Commercial Bank of Grayson,Grayson,"Grayson, KY 41143",1.5 miles
ChoiceOne Bank,Sparta,"Sparta, MI 49345",1.5 miles
Hart County Bank and Trust Company,Munfordville,"Munfordville, KY 42765",1.5 miles
The Shelby State Bank,Shelby,"Shelby, MI 49455",1.5 miles
First State Bank and Trust,Bayport,"Bayport, MN 55003",1.5 miles
VersaBank USA National Association,Holdingford,"Holdingford, MN 56340",1.5 miles
First State Bank Minnesota,Le Roy,"Le Roy, MN 55951",1.5 miles
Security State Bank of Marine,Marine On St. Croix,"Marine On St. Croix, MN 55047",1.5 miles
Farmers and Merchants State Bank of Pierz,Pierz,"Pierz, MN 56364",1.5 miles
Citizens State Bank of Roseau,Roseau,"Roseau, MN 56751",1.5 miles
First Farmers & Merchants Bank,Cannon Falls,"Cannon Falls, MN 55009",1.5 miles
Sherburne State Bank,Becker,"Becker, MN 55308",1.5 miles
Farmers State Bank of Underwood,Underwood,"Underwood, MN 56586",1.5 miles
Security State Bank of Hibbing,Hibbing,"Hibbing, MN 55746",1.5 miles
Produce State Bank,Hollandale,"Hollandale, MN 56045",1.5 miles
Elysian Bank,Elysian,"Elysian, MN 56028",1.5 miles
The Northern State Bank of Gonvick,Gonvick,"Gonvick, MN 56644",1.5 miles
PrinsBank,Prinsburg,"Prinsburg, MN 56281",1.5 miles
Pine River State Bank,Pine River,"Pine River, MN 56474",1.5 miles
Hometown Community Bank,Cyrus,"Cyrus, MN 56323",1.5 miles
State Bank of Jeffers,Jeffers,"Jeffers, MN 56145",1.5 miles
Lowry State Bank,Lowry,"Lowry, MN 56349",1.5 miles
Commerce Bank,Geneva,"Geneva, MN 56035",1.5 miles
Vermillion State Bank,Vermillion,"Vermillion, MN 55085",1.5 miles
Citizens Bank & Trust Co.,Hutchinson,"Hutchinson, MN 55350",1.5 miles
"Clare Bank, National Association",Platteville,"Platteville, WI 53818",1.5 miles
The Goose River Bank,Mayville,"Mayville, ND 58257",1.5 miles
First State Bank of Golva,Golva,"Golva, ND 58632",1.5 miles
First International Bank & Trust,Watford City,"Watford City, ND 58854",1.5 miles
Peoples State Bank of Velva,Velva,"Velva, ND 58790",1.5 miles
First Security Bank - West,Beulah,"Beulah, ND 58523",1.5 miles
The Old Fort Banking Company,Old Fort,"Old Fort, OH 44861",1.5 miles
The Citizens Bank Company,Beverly,"Beverly, OH 45715",1.5 miles
Fm Bank And Trust,Blytheville,"Blytheville, AR 72315",1.5 miles
FBT Bank & Mortgage,Fordyce,"Fordyce, AR 71742",1.5 miles
The Farmers and Merchants Bank,Caldwell,"Caldwell, OH 43724",1.5 miles
Builtwell Bank,Chattanooga,"Chattanooga, TN 37402",1.5 miles
The Bank of Fayette County,Piperton,"Piperton, TN 38017",1.5 miles
Bank of Halls,Halls,"Halls, TN 38040",1.5 miles
Citizens Bank and Trust Company of Grainger County,Rutledge,"Rutledge, TN 37861",1.5 miles
Citizens Savings Bank and Trust Company,Nashville,"Nashville, TN 37208",1.5 miles
Citizens State Bank of Luling,Luling,"Luling, TX 78648",1.5 miles
Commercial State Bank,Palmer,"Palmer, TX 75152",1.5 miles
Schertz Bank & Trust,Schertz,"Schertz, TX 78154",1.5 miles
Peoples State Bank,Shepherd,"Shepherd, TX 77371",1.5 miles
Crowell State Bank,Crowell,"Crowell, TX 79227",1.5 miles
Citizens and Farmers Bank,West Point,"West Point, VA 23181",1.5 miles
Banner Banks,Birnamwood,"Birnamwood, WI 54414",1.5 miles
The Bank of New Glarus,New Glarus,"New Glarus, WI 53574",1.5 miles
Oostburg State Bank,Oostburg,"Oostburg, WI 53070",1.5 miles
Farmers & Merchants Bank & Trust,Marinette,"Marinette, WI 54143",1.5 miles
State Bank Financial,La Crosse,"La Crosse, WI 54601",1.5 miles
Waumandee State Bank,Waumandee,"Waumandee, WI 54622",1.5 miles
Midland States Bank,Effingham,"Effingham, IL 62401",1.5 miles
The Farmers State Bank of Brush,Brush,"Brush, CO 80723",1.5 miles
State Bank of Graymont,Graymont,"Graymont, IL 61743",1.5 miles
First State Bank of Olmsted,Olmsted,"Olmsted, IL 62970",1.5 miles
Raritan State Bank,Raritan,"Raritan, IL 61471",1.5 miles
"Frederick Community Bank, The",Paxton,"Paxton, IL 60957",1.5 miles
Farmers State Bank & Trust Co.,Mount Sterling,"Mount Sterling, IL 62353",1.5 miles
Town & Country Bank Midwest,Quincy,"Quincy, IL 62301",1.5 miles
Middletown State Bank,Middletown,"Middletown, IL 62666",1.5 miles
Federated Bank,Onarga,"Onarga, IL 60955",1.5 miles
The Gifford State Bank,Gifford,"Gifford, IL 61847",1.5 miles
Farmers & Merchants Bank of Hutsonville,Hutsonville,"Hutsonville, IL 62433",1.5 miles
Bank & Trust Company,Litchfield,"Litchfield, IL 62056",1.5 miles
Camp Grove State Bank,Camp Grove,"Camp Grove, IL 61424",1.5 miles
Ipava State Bank,Lewistown,"Lewistown, IL 61542",1.5 miles
Citizens State Bank,Lena,"Lena, IL 61048",1.5 miles
First National Bank of Steeleville,Steeleville,"Steeleville, IL 62288",1.5 miles
Farmers and Merchants Savings Bank,Iowa City,"Iowa City, IA 52246",1.5 miles
Mount Vernon Bank and Trust Company,Mount Vernon,"Mount Vernon, IA 52314",1.5 miles
Iowa State Bank,Sac City,"Sac City, IA 50583",1.5 miles
Bank of Cave City,Cave City,"Cave City, AR 72521",1.5 miles
Farmers Savings Bank,Wever,"Wever, IA 52658",1.5 miles
The First State Bank,Ness City,"Ness City, KS 67560",1.5 miles
The Kansas State Bank,Ottawa,"Ottawa, KS 66067",1.5 miles
The Citizens Bank,Morehead,"Morehead, KY 40351",1.5 miles
Bank of Commerce & Trust Co.,Crowley,"Crowley, LA 70526",1.5 miles
"Exchange Bank and Trust Company, Natchitoches, Louisiana",Natchitoches,"Natchitoches, LA 71457",1.5 miles
Citizens Progressive Bank,Winnsboro,"Winnsboro, LA 71295",1.5 miles
CLB The Community Bank,Jonesville,"Jonesville, LA 71343",1.5 miles
Winnsboro State Bank & Trust Company,Winnsboro,"Winnsboro, LA 71295",1.5 miles
Arcadian Bank,Hartland,"Hartland, MN 56042",1.5 miles
United Minnesota Bank,New London,"New London, MN 56273",1.5 miles
Farmers and Merchants State Bank of Alpha,Alpha,"Alpha, MN 56111",1.5 miles
First Southeast Bank,Harmony,"Harmony, MN 55939",1.5 miles
Midwest BankCentre,Lemay,"Lemay, MO 63125",1.5 miles
Bank of Franklin,Meadville,"Meadville, MS 39653",1.5 miles
Community First Bank,Butler,"Butler, MO 64730",1.5 miles
TBO Bank,Orrick,"Orrick, MO 64077",1.5 miles
Wood & Huston Bank,Marshall,"Marshall, MO 65340",1.5 miles
UNICO Bank,Mineral Point,"Mineral Point, MO 63660",1.5 miles
BTC Bank,Bethany,"Bethany, MO 64424",1.5 miles
Hawthorn Bank,Jefferson City,"Jefferson City, MO 65101",1.5 miles
State Bank of Missouri,Concordia,"Concordia, MO 64020",1.5 miles
Preferred Bank,Rothville,"Rothville, MO 64676",1.5 miles
Pinnacle Bank,Lincoln,"Lincoln, NE 68508",1.5 miles
The Bank of Steinauer,Steinauer,"Steinauer, NE 68441",1.5 miles
First Central Bank,Cambridge,"Cambridge, NE 69022",1.5 miles
Flatwater Bank,Gothenburg,"Gothenburg, NE 69138",1.5 miles
Riverstone Bank,Eagle,"Eagle, NE 68347",1.5 miles
Dundee Bank,Omaha,"Omaha, NE 68132",1.5 miles
American Exchange Bank,Elmwood,"Elmwood, NE 68349",1.5 miles
The Andover Bank,Andover,"Andover, OH 44003",1.5 miles
Mabrey Bank,Bixby,"Bixby, OK 74008",1.5 miles
The Exchange Bank,Skiatook,"Skiatook, OK 74070",1.5 miles
Bank of Hydro,Hydro,"Hydro, OK 73048",1.5 miles
"Jonestown Bank and Trust Company, of Jonestown, Pennsylvania",Jonestown,"Jonestown, PA 17038",1.5 miles
Cass Commercial Bank,Des Peres,"Des Peres, MO 63131",1.5 miles
Central Penn Bank & Trust,Mifflinburg,"Mifflinburg, PA 17844",1.5 miles
The Merchants & Planters Bank,Clarendon,"Clarendon, AR 72029",1.5 miles
Avana Bank,Abilene,"Abilene, TX 79602",1.5 miles
Crossroads Bank,Yoakum,"Yoakum, TX 77995",1.5 miles
Peoples State Bank of Hallettsville,Hallettsville,"Hallettsville, TX 77964",1.5 miles
Lindell Bank & Trust Company,St. Louis,"St. Louis, MO 63139",1.5 miles
Independence State Bank,Independence,"Independence, WI 54747",1.5 miles
Illini State Bank,Oglesby,"Oglesby, IL 61348",1.5 miles
Community Bank,Winslow,"Winslow, IL 61089",1.5 miles
First State Bank of Campbell Hill,Campbell Hill,"Campbell Hill, IL 62916",1.5 miles
Dewey Bank,Dewey,"Dewey, IL 61840",1.5 miles
Du Quoin State Bank,Du Quoin,"Du Quoin, IL 62832",1.5 miles
First State Bank of Van Orin,Van Orin,"Van Orin, IL 61374",1.5 miles
Grand Rivers Community Bank,Grand Chain,"Grand Chain, IL 62941",1.5 miles
State Bank of Industry,Industry,"Industry, IL 61440",1.5 miles
Clay County State Bank,Louisville,"Louisville, IL 62858",1.5 miles
"Petefish, Skiles & Co.",Virginia,"Virginia, IL 62691",1.5 miles
"The First Trust and Savings Bank of Watseka, Illinois",Watseka,"Watseka, IL 60970",1.5 miles
Campus State Bank,Campus,"Campus, IL 60920",1.5 miles
Citizens Bank of Chatsworth,Chatsworth,"Chatsworth, IL 60921",1.5 miles
Buena Vista National Bank,Chester,"Chester, IL 62233",1.5 miles
The Clay City Banking Co.,Clay City,"Clay City, IL 62824",1.5 miles
Tompkins State Bank,Avon,"Avon, IL 61415",1.5 miles
West Central Bank,Ashland,"Ashland, IL 62612",1.5 miles
State Bank of Bement,Bement,"Bement, IL 61813",1.5 miles
Anderson State Bank,Oneida,"Oneida, IL 61467",1.5 miles
The Bank of Versailles,Versailles,"Versailles, MO 65084",1.5 miles
Murphy-Wall State Bank and Trust Company,Pinckneyville,"Pinckneyville, IL 62274",1.5 miles
First State Bank of Beecher City,Beecher City,"Beecher City, IL 62414",1.5 miles
Chesterfield State Bank,Chesterfield,"Chesterfield, IL 62630",1.5 miles
Waterman Bank,Waterman,"Waterman, IL 60556",1.5 miles
Eagle Valley Bank,Griggsville,"Griggsville, IL 62340",1.5 miles
Legence Bank,Eldorado,"Eldorado, IL 62930",1.5 miles
Horatio State Bank,Horatio,"Horatio, AR 71842",1.5 miles
Upper Peninsula State Bank,Escanaba,"Escanaba, MI 49829",1.5 miles
Central State Bank,State Center,"State Center, IA 50247",1.5 miles
The Baldwin State Bank,Baldwin City,"Baldwin City, KS 66006",1.5 miles
Guaranty State Bank and Trust Company,Beloit,"Beloit, KS 67420",1.5 miles
Grant County Bank,Ulysses,"Ulysses, KS 67880",1.5 miles
The State Bank of Bern,Bern,"Bern, KS 66408",1.5 miles
Baybank,Gladstone,"Gladstone, MI 49837",1.5 miles
The Fidelity State Bank and Trust Company,Dodge City,"Dodge City, KS 67801",1.5 miles
The Miners State Bank,Iron River,"Iron River, MI 49935",1.5 miles
Central Savings Bank,Sault Sainte Marie,"Sault Sainte Marie, MI 49783",1.5 miles
Northview Bank,Sandstone,"Sandstone, MN 55072",1.5 miles
United Prairie Bank,Mountain Lake,"Mountain Lake, MN 56159",1.5 miles
Janesville State Bank,Janesville,"Janesville, MN 56048",1.5 miles
Grand Rapids State Bank,Grand Rapids,"Grand Rapids, MN 55744",1.5 miles
Lake Region Bank,New London,"New London, MN 56273",1.5 miles
"F & M Community Bank, National Association",Preston,"Preston, MN 55965",1.5 miles
Randall State Bank,Randall,"Randall, MN 56475",1.5 miles
Prime Security Bank,Karlstad,"Karlstad, MN 56732",1.5 miles
Alliance Bank,Lake City,"Lake City, MN 55041",1.5 miles
Center National Bank,Litchfield,"Litchfield, MN 55355",1.5 miles
Root River State Bank,Chatfield,"Chatfield, MN 55923",1.5 miles
ESB Bank,Caledonia,"Caledonia, MN 55921",1.5 miles
Security State Bank of Oklee,Oklee,"Oklee, MN 56742",1.5 miles
Security Bank Minnesota,Albert Lea,"Albert Lea, MN 56007",1.5 miles
Stearns Bank National Association,Saint Cloud,"Saint Cloud, MN 56301",1.5 miles
Lake Central Bank,Annandale,"Annandale, MN 55302",1.5 miles
First State Bank of Bigfork,Bigfork,"Bigfork, MN 56628",1.5 miles
Bonanza Valley State Bank,Brooten,"Brooten, MN 56316",1.5 miles
FM Bank,Waseca,"Waseca, MN 56093",1.5 miles
Bank OZK,Little Rock,"Little Rock, AR 72223",1.5 miles
Peoples State Bank of Plainview,Plainview,"Plainview, MN 55964",1.5 miles
St. Clair County State Bank,Osceola,"Osceola, MO 64776",1.5 miles
Grand Missouri Bank,Bolivar,"Bolivar, MO 65613",1.5 miles
The First State Bank of Shelby,Shelby,"Shelby, MT 59474",1.5 miles
Peapack Private Bank & Trust,Bedminster,"Bedminster, NJ 07921",1.5 miles
First Interstate Bank,Billings,"Billings, MT 59101",1.5 miles
First-Citizens Bank & Trust Company,Raleigh,"Raleigh, NC 27601",1.5 miles
Somerset Trust Company,Somerset,"Somerset, PA 15501",1.5 miles
Hamlin Bank and Trust Company,Smethport,"Smethport, PA 16749",1.5 miles
S&T Bank,Indiana,"Indiana, PA 15701",1.5 miles
Farmers State Bank of Canton,Canton,"Canton, SD 57013",1.5 miles
Texas Champion Bank,Corpus Christi,"Corpus Christi, TX 78413",1.5 miles
American Bank & Trust,Sioux Falls,"Sioux Falls, SD 57108",1.5 miles
The First State Bank,Abernathy,"Abernathy, TX 79311",1.5 miles
"Transpecos Banks, SSB",Pecos,"Pecos, TX 79772",1.5 miles
"Citizens State Bank, of Arlington",Arlington,"Arlington, SD 57212",1.5 miles
First State Bank of Brownsboro,Brownsboro,"Brownsboro, TX 75756",1.5 miles
First Fidelity Bank,Burke,"Burke, SD 57523",1.5 miles
First Community Bank,Milton,"Milton, WI 53563",1.5 miles
First Citizens State Bank,Whitewater,"Whitewater, WI 53190",1.5 miles
Bank of Milton,Milton,"Milton, WI 53563",1.5 miles
Bonduel State Bank,Bonduel,"Bonduel, WI 54107",1.5 miles
Horicon Bank,Horicon,"Horicon, WI 53032",1.5 miles
Centennial Bank,Conway,"Conway, AR 72032",1.5 miles
Producers Bank & Trust,Mcgehee,"Mcgehee, AR 71654",1.5 miles
Bank of Salem,Salem,"Salem, AR 72576",1.5 miles
Merchants State Bank,Freeman,"Freeman, SD 57029",1.5 miles
The First National Bank of Izard County,Calico Rock,"Calico Rock, AR 72519",1.5 miles
The Gunnison Bank and Trust Company,Gunnison,"Gunnison, CO 81230",1.5 miles
McClave State Bank,Mcclave,"Mcclave, CO 81057",1.5 miles
The Citizens Bank of Swainsboro,Swainsboro,"Swainsboro, GA 30401",1.5 miles
"Farmers State Bank of Alto Pass, Ill.",Alto Pass,"Alto Pass, IL 62905",1.5 miles
First State Bank of St. Peter,Saint Peter,"Saint Peter, IL 62880",1.5 miles
FNBC Bank & Trust,La Grange,"La Grange, IL 60525",1.5 miles
Farmers State Bank,Pittsfield,"Pittsfield, IL 62363",1.5 miles
The Bank of Herrin,Herrin,"Herrin, IL 62948",1.5 miles
The Iuka State Bank,Salem,"Salem, IL 62881",1.5 miles
Longview Community Bank,Mount Pulaski,"Mount Pulaski, IL 62548",1.5 miles
Farmers and Merchants State Bank of Bushnell,Bushnell,"Bushnell, IL 61422",1.5 miles
Ashton State Bank,Ashton,"Ashton, IA 51232",1.5 miles
Grinnell State Bank,Grinnell,"Grinnell, IA 50112",1.5 miles
Sanborn Savings Bank,Sanborn,"Sanborn, IA 51248",1.5 miles
Bedford Loan & Deposit Bank,Bedford,"Bedford, KY 40006",1.5 miles
"Cumberland Security Bank, Inc.",Somerset,"Somerset, KY 42501",1.5 miles
